<?xml version="1.0" encoding="UTF-8"?>
<beans xmlns="http://www.springframework.org/schema/beans"
 xmlns:context="http://www.springframework.org/schema/context"
 xmlns:xsi="http://www.w3.org/2001/XMLSchema-instance"
 xsi:schemaLocation="
 http://www.springframework.org/schema/beans
 http://www.springframework.org/schema/beans/spring-beans.xsd
 http://www.springframework.org/schema/context
 http://www.springframework.org/schema/context/spring-context.xsd">
 
 <bean id="helloWorldBean" class="com.capgemini.trg.model.HelloWorld"></bean>
 <!-- -setter injection -->
 <bean id="convertorBean1" class="com.capgemini.trg.model.CurrencyConvertorImpl">
 <property name="exchangeRate" value="72.73"></property>
 
 </bean>
 <!-- constructor injection -->
 <bean id="convertorBean2" class="com.capgemini.trg.model.CurrencyConvertorImpl">
 <constructor-arg index="0" value="68.5"></constructor-arg>
 </bean>
 </beans>